Év;Lapszám;Összoldalszám;Oldal;Szöveg;Szerzõ;Almenü
1989;1;16;15;1989. 1. szám:   A magyar nép soha nem fog kiveszni;CZENE ISTVÁN;
1989;2;12;10;1989. 2. szám:   A menyecskék és a malacok;CZENE ISTVÁN;
1992;2;16;13;1992. 2. szám:   Az elmosott behívóparancs;CZENE ISTVÁN;
1992;2;16;15;1992. 2. szám:   Különös jelenség Veresegyházon;CZENE ISTVÁN;
1992;5;20;5;1992. 5. szám:   Hej, azok a híres veresegyházi búcsúk!;CZENE ISTVÁN;
1993;1;16;4;1993. 1. szám:   Emlékezés Rakács Lászlóra;CZENE ISTVÁN;
1993;5;16;9;1993. 5. szám:   1. rész. Leventeoktatás Veresegyházon;CZENE ISTVÁN;A 27. Székely Gyalogezred története
1994;1;16;12;1994. 1. szám 12-13. oldal:   2. rész. ;CZENE ISTVÁN;A 27. Székely Gyalogezred története
1994;2;16;4;1994. 2. szám:   3. rész;CZENE ISTVÁN;A 27. Székely Gyalogezred története
1994;6;8;5;1994. 6. szám:   4. rész;CZENE ISTVÁN;A 27. Székely Gyalogezred története
1995;1;16;8;1995. 1. szám:   5. rész;CZENE ISTVÁN;A 27. Székely Gyalogezred története
1995;2;12;10;1995. 2. szám:   6. szám;CZENE ISTVÁN;A 27. Székely Gyalogezred története
1995;3;12;9;1995. 3. szám:   7. rész;CZENE ISTVÁN;A 27. Székely Gyalogezred története
1995;4;12;10;1995. 4. szám:   8. rész;CZENE ISTVÁN;A 27. Székely Gyalogezred története
1995;5;12;5;1995. 5. szám:   9. rész;CZENE ISTVÁN;A 27. Székely Gyalogezred története
1996;1;12;6;1996. 1. szám:   10. rész;CZENE ISTVÁN;A 27. Székely Gyalogezred története
1996;2;12;11;1996. 2. szám:   11. rész;CZENE ISTVÁN;A 27. Székely Gyalogezred története
1996;3;12;11;1996. 3. szám:   12. rész;CZENE ISTVÁN;A 27. Székely Gyalogezred története
1994;1;16;10;1994. 1. szám:   Régi veresegyházi farsangi mulatságok;CZENE ISTVÁN;
1994;5;16;11;1994. 5. szám:   Gyenge õszi vásár;CZENE ISTVÁN;
1997;1;12;11;1997. 1. szám:   Aki megjárta a Don-kanyart;CZENE ISTVÁN;
1990;4;12;5;1990. 4. szám:   Választási bemutatkozó;DIBUSZ MIKLÓS;
1992;2;16;3;1992. 2. szám:   Malomnosztalgia;DIBUSZ MIKLÓS;
1992;3;16;5;1992. 3. szám:   Utazunk;DIBUSZ MIKLÓS;
1992;4;16;7;1992. 4. szám:   Emlékezés;DIBUSZ MIKLÓS;
1992;5;20;1;1992. 5. szám:   Adventi gyertyák, 1992;DIBUSZ MIKLÓS;
1992;5;20;3;1992. 5. szám:   Békesség front után;DIBUSZ MIKLÓS;
1993;1;16;13;1993. 1. szám:   Patakkaland;DIBUSZ MIKLÓS;
1993;2;16;5;1993. 2. szám:   IV. Jamboree;DIBUSZ MIKLÓS;
1993;3;16;11;1993. 3. szám:   Kenyerünk;DIBUSZ MIKLÓS;
1993;3;16;15;1993. 3. szám:   Csépléskor;DIBUSZ MIKLÓS;
1993;4;16;14;1993. 4. szám:   Szüret;DIBUSZ MIKLÓS;
1993;5;16;2;1993. 5. szám:   Karácsonyi emlék;DIBUSZ MIKLÓS;
1994;1;16;15;1994. 1. szám:   Döbbenet;DIBUSZ MIKLÓS;
1994;2;16;9;1994. 2. szám:   Molnártréfa;DIBUSZ MIKLÓS;
1994;5;16;8;1994. 5. szám:   Halottak napi gondolatok;DIBUSZ MIKLÓS;
1994;6;8;3;1994. 6. szám:   Betlehemesek;DIBUSZ MIKLÓS;
1995;1;16;10;1995. 1. szám:   Miértek;DIBUSZ MIKLÓS;
1995;2;12;11;1995. 2. szám:   Keserû szájízzel;DIBUSZ MIKLÓS;
1995;3;12;8;1995. 3. szám 8-9. oldal:   Ez is évforduló;DIBUSZ MIKLÓS;
1995;4;12;7;1995. 4. szám:   Október volt;DIBUSZ MIKLÓS;
1995;5;12;9;1995. 5. szám:   Téli szünetben;DIBUSZ MIKLÓS;
1996;1;12;10;1996. 1. szám:   BUÉK?;DIBUSZ MIKLÓS;
1996;1;12;11;1996. 1. szám:   Havas história;DIBUSZ MIKLÓS;
1996;2;12;6;1996. 2. szám:   Olvastam...;DIBUSZ MIKLÓS;
1996;3;12;6;1996. 3. szám:   Egy régi karácsony;DIBUSZ MIKLÓS;
1997;1;12;10;1997. 1. szám:   Márciusok;DIBUSZ MIKLÓS;
1997;2;10;8;1997. 2. szám:   Ismét vasút;DIBUSZ MIKLÓS;
1998;1;8;7;1998. 1. szám:   Útjainkon;DIBUSZ MIKLÓS;
1990;6;12;5;1990. 6. szám:   Farkas József bemutatkozása;FARKAS JÓZSEF;
1991;1;12;1;1991. 1. szám:   Nagyböjt idején;FARKAS JÓZSEF;
1991;6;16;2;1991. 6. szám:   Árpád-házi Szent Erzsébet;FARKAS JÓZSEF;
1992;2;16;11;1992. 2. szám:   Vállal magasb mindeneknél;FARKAS JÓZSEF;
1992;4;16;1;1992. 4. szám:   Hogyan kell a hazát szeretni?;FARKAS JÓZSEF;
1992;5;20;7;1992. 5. szám:   Egy ünnepségrõl advent idején;FARKAS JÓZSEF;
1993;1;16;4;1993. 1. szám 4-5. oldal:   Pihenj, te néma hadsereg!;FARKAS JÓZSEF;
1993;2;16;6;1993. 2. szám:   Szûz Mária és Szent Antal nyomában;FARKAS JÓZSEF;
1993;3;16;13;1993. 3. szám:   Boldogasszony Anyánk;FARKAS JÓZSEF;
1993;4;16;4;1993. 4. szám 14-15. oldal:   Szent Erzsébet-búcsúnkra készülve;FARKAS JÓZSEF;
1993;5;16;3;1993. 5. szám:   Az idõk teljességében;FARKAS JÓZSEF;
1994;1;16;6;1994. 1. szám:   Katolikus leltár;FARKAS JÓZSEF;
1994;2;16;4;1994. 2. szám:   A mai kor golgotája;FARKAS JÓZSEF;
1994;4;16;10;1994. 4. szám:   Mária országa;FARKAS JÓZSEF;
1994;6;8;2;1994. 6. szám:   A kétezredik karácsony;FARKAS JÓZSEF;
1995;2;12;9;1995. 2. szám:   Zarándokúton mediterrán tájakon;FARKAS JÓZSEF;
1995;3;12;4;1995. 3. szám:   A veresegyházi új orgona születése;FARKAS JÓZSEF;
1995;5;12;9;1995. 5. szám:   Jöjj el édes Üdvözítõnk!;FARKAS JÓZSEF;
1996;1;12;9;1996. 1. szám:   Katolikus mérleg;FARKAS JÓZSEF;
1989;1;16;7;1989. 1. szám:   Mint oldott kéve;FAZEKAS MÁTYÁS;
1989;2;12;5;1989. 2. szám:   Minden diktatúrával szembeszállt <i>(Peyer Károly)</i>;FAZEKAS MÁTYÁS;
1989;2;12;5;1989. 2. szám:   Önkényes vagy önkéntes?;FAZEKAS MÁTYÁS;
1989;2;12;6;1989. 2. szám:   Nemzeti gyászünnepünk;FAZEKAS MÁTYÁS;
1989;2;16;11;1989. 2. szám;FAZEKAS MÁTYÁS;Ufók Veresen
1990;1;12;11;1990. 1. szám:  Ufók a falugyûlésen;FAZEKAS MÁTYÁS;Ufók Veresen
1990;5;16;15;1990. 1. szám:  Visszatértek az ufók!;FAZEKAS MÁTYÁS;Ufók Veresen
1991;1;12;11;1991. 1. szám:  Az ufók búcsúja;FAZEKAS MÁTYÁS;Ufók Veresen
1991;4;17;10;1991. 4-5. szám:  Levél Ufóniából;FAZEKAS MÁTYÁS;Ufók Veresen
1990;1;12;3;1990. 1. szám:   Nomen est omen!;FAZEKAS MÁTYÁS;
1990;1;12;4;1990. 1. szám:   Nyílt levél a falugyûlés egyik felszólalójához;FAZEKAS MÁTYÁS;
1990;2;4;2;1990. 2. szám:   Csembalóval a nyugdíjasokért;FAZEKAS MÁTYÁS;
1990;2;4;4;1990. 2. szám:   Boldog asszony gyümölcsöt ojt;FAZEKAS MÁTYÁS;
1990;3;12;6;1990. 3. szám:   Levél Csehszlovákiából;FAZEKAS MÁTYÁS;
1990;3;12;7;1990. 3. szám:   Ne kérdezd, ki voltam;FAZEKAS MÁTYÁS;
1990;3;12;8;1990. 3. szám:   Holland kórus Pest megyében;FAZEKAS MÁTYÁS;
1990;3;12;11;1990. 3. szám:   Nomina odiosa;FAZEKAS MÁTYÁS;
1990;4;12;10;1990. 4. szám:   Ha a momdat elején...;FAZEKAS MÁTYÁS;
1990;5;16;15;1990. 5. szám:   A DemokTravel buszjáratai;FAZEKAS MÁTYÁS;
1990;5;16;15;1990. 5. szám:   Telefax-ni;FAZEKAS MÁTYÁS;
1990;6;12;10;1990. 6. szám:   Ritka (szép) jubileum;FAZEKAS MÁTYÁS;
1991;1;12;3;1991. 1. szám:   TÜK!;FAZEKAS MÁTYÁS;TÜK!
1991;4;17;8;1991. 4-5. szám:   TÜK-örkép;FAZEKAS MÁTYÁS;TÜK!
1991;1;12;4;1991. 1. szám:   A Wittmann-ház;FAZEKAS MÁTYÁS;
1991;1;12;7;1991. 1. szám:   Kölcsey és Nyögte Mátyás bús hadát...;FAZEKAS MÁTYÁS;
1991;1;12;9;1991. 1. szám:   Nemzeti  színû zászlónk;FAZEKAS MÁTYÁS;
1991;1;12;10;1991. 1. szám:   A lakosság döntse el!;FAZEKAS MÁTYÁS;
1991;3;12;2;1991. 3. szám:   Beszámolt a képviselõ <i>(Bogárdi Zoltán)</i>;FAZEKAS MÁTYÁS;
1991;3;12;5;1991. 3. szám:   In memoriam Bata Sándor;FAZEKAS MÁTYÁS;
1991;3;12;6;"1991. 3. szám:   Héber felirat az ""úttörõ"" táboron";FAZEKAS MÁTYÁS;
1991;3;12;11;1991. 3. szám:   Szép kilátás - szép kilátások;FAZEKAS MÁTYÁS;
1991;4;17;3;1991. 4-5. szám:   Megkérdõjelezett szabadságünnep;FAZEKAS MÁTYÁS;
1991;4;17;4;1991. 4-5. szám:   Veresegyházi református ifjak Hollandiában;FAZEKAS MÁTYÁS;
1991;4;17;13;1991. 4-5. szám:   Mit ér a világútlevél a SZU-ban?;FAZEKAS MÁTYÁS;
1991;4;17;14;1991. 4-5. szám:   Minden héten disznóölés;FAZEKAS MÁTYÁS;
1991;6;16;2;1991. 6. szám 2-3. oldal:   Csendes nap Veresegyházon;FAZEKAS MÁTYÁS;
1991;6;16;8;1991. 6. szám:   56-os emlékérem egykori orvosunknak;FAZEKAS MÁTYÁS;
1992;1;16;2;1992. 1. szám:   Csak ha pontosak;FAZEKAS MÁTYÁS;
1992;1;16;5;1992. 1. szám:   Büdösség;FAZEKAS MÁTYÁS;
1992;1;16;5;1992. 1. szám:   Menekültek örömére;FAZEKAS MÁTYÁS;
1992;1;16;8;1992. 1. szám:   Zenés farsang;FAZEKAS MÁTYÁS;
1992;1;16;11;1992. 1. szám:   Tájékoztató a szövetkezeti törvényrõl;FAZEKAS MÁTYÁS;
1992;1;16;2;1992. 1. szám:   Üzemben a kábeltévé;FAZEKAS MÁTYÁS;Kábeltévé
1993;1;16;5;1993. 1. szám:   A kábeltévé jelene (jövõje?) Veresegyházon;FAZEKAS MÁTYÁS;Kábeltévé
1993;3;16;15;1993. 3. szám:   Megtakarítottam tíz üveg pezsgõt!;FAZEKAS MÁTYÁS;Kábeltévé
1993;4;16;16;1993. 4. szám:   Kábel-tv taggyûlés;FAZEKAS MÁTYÁS;Kábeltévé
1994;5;16;7;1994. 5. szám:   Kábeli zûrzavar;FAZEKAS MÁTYÁS;Kábeltévé
1992;1;16;9;1992. 1. szám:   Dr. Antal Sándor emlékére;FAZEKAS MÁTYÁS;Dr. Antal Sándor emlékezete
1992;3;16;15;1992. 3. szám:   Csakis az igazat;FAZEKAS MÁTYÁS;Dr. Antal Sándor emlékezete
1992;2;16;2;1992. 2. szám 2-3. oldal:   Vízi sport Veresen;FAZEKAS MÁTYÁS;
1992;2;16;13;1992. 2. szám:   Kisállat-kiállítás;FAZEKAS MÁTYÁS;
1992;2;16;13;1992. 2. szám:   Ezer tulipán;FAZEKAS MÁTYÁS;
1992;2;16;15;1992. 2. szám:   Lefegyverezés;FAZEKAS MÁTYÁS;
1992;3;16;5;1992. 3. szám:   Anna nem örök;FAZEKAS MÁTYÁS;
1992;3;16;9;1992. 3. szám:   Atyha-fiak;FAZEKAS MÁTYÁS;
1992;3;16;9;1992. 3. szám:   Egy kis irodalomtörténet;FAZEKAS MÁTYÁS;
1992;3;16;14;1992. 3. szám:   Magyarok Brazíliában;FAZEKAS MÁTYÁS;
1992;3;16;7;1992. 3. szám:   Vezetõségválasztás meglepetéssel;FAZEKAS MÁTYÁS;Takarékszövetkezeti elnökválasztás
1992;4;16;15;1992. 4. szám:   Helyesbítés;FAZEKAS MÁTYÁS;Takarékszövetkezeti elnökválasztás
1992;4;16;14;1992. 4. szám:   Kedves István! <i>(Válaszlevél Czene Istvánnak)</i>;FAZEKAS MÁTYÁS;
1992;4;16;15;1992. 4. szám:   Telefonközpont-átadás;FAZEKAS MÁTYÁS;
1992;5;20;3;1992. 5. szám:   Brazil karácsony;FAZEKAS MÁTYÁS;
1992;5;20;5;1992. 5. szám:   Drága búcsú;FAZEKAS MÁTYÁS;
1992;5;20;7;1992. 5. szám:   Temetõi harangavatás;FAZEKAS MÁTYÁS;
1992;5;20;14;1992. 5. szám:   Mit akar a Pest Megyei Hírlap?;FAZEKAS MÁTYÁS;
1992;5;20;14;1992. 5. szám:   Szemelvények a Benedek családból;FAZEKAS MÁTYÁS;
1992;5;20;18;1992. 5. szám:   Bosszú;FAZEKAS MÁTYÁS;
1993;1;16;2;1993. 1. szám:   A veresegyházi Tüzép születése és halála;FAZEKAS MÁTYÁS;
1993;1;16;7;1993. 1. szám:   Cantemus-farsang;FAZEKAS MÁTYÁS;
1993;1;16;9;1993. 1. szám:   Ötven fehér szegfû;FAZEKAS MÁTYÁS;
1993;1;16;14;1993. 1. szám:   KGST-piac - MDF-piac - Veresi piac;FAZEKAS MÁTYÁS;
1993;2;16;13;1993. 2. szám:   Váci Mihály Szavalóverseny;FAZEKAS MÁTYÁS;
1993;2;16;14;1993. 2. szám:   Küldöttgyûlés;FAZEKAS MÁTYÁS;
1993;3;16;12;"1993. 3. szám 12-13. oldal:   ""Nyuszis"" utazások";FAZEKAS MÁTYÁS;
1993;4;16;12;1993. 4. szám:   Német kórus Veresegyházon;FAZEKAS MÁTYÁS;
1993;4;16;14;1993. 4. szám:   In memoriam Mészáros István;FAZEKAS MÁTYÁS;
1993;5;16;3;1993. 5. szám:   Pestre költöztek;FAZEKAS MÁTYÁS;
1993;5;16;6;1993. 5. szám:   A második hangverseny - Zenebarátok Köre;FAZEKAS MÁTYÁS;
1993;5;16;12;1993. 5. szám:   Tódítás;FAZEKAS MÁTYÁS;
1994;1;16;6;1994. 1. szám:   Református leltár;FAZEKAS MÁTYÁS;
1994;1;16;11;1994. 1. szám:   Karnevál Rióban;FAZEKAS MÁTYÁS;
1994;2;16;15;1994. 2. szám:   A gyûlések szervezésérõl;FAZEKAS MÁTYÁS;
1994;3;6;5;1994. 3. szám:   Szabad-e sírni a Kárpátok alatt?;FAZEKAS MÁTYÁS;
1994;4;16;7;1994. 4. szám:   Vasárnap délután;FAZEKAS MÁTYÁS;
1994;4;16;7;1994. 4. szám:   A meztelen igazság;FAZEKAS MÁTYÁS;
1994;4;16;7;1994. 4. szám:   Gyerekszáj;FAZEKAS MÁTYÁS;
1994;4;16;7;1994. 4. szám:   A meztelen igazság;FAZEKAS MÁTYÁS;
1994;4;16;15;1994. 4. szám:   Hellasz;FAZEKAS MÁTYÁS;
1994;4;16;15;1994. 4. szám:   Iskolások vadállatok közt;FAZEKAS MÁTYÁS;
1994;5;16;8;1994. 5. szám:   Helytelen;FAZEKAS MÁTYÁS;
1994;5;16;15;1994. 5. szám:   In memoriam dr. Simon Józsefné, Zsinka Izabella;FAZEKAS MÁTYÁS;
1994;5;16;11;1994. 5. szám:   1. eész;FAZEKAS MÁTYÁS;Egyházi énekkarok
1994;6;8;4;1994. 6. szám:   2. rész;FAZEKAS MÁTYÁS;Egyházi énekkarok
1994;6;8;6;1994. 6. szám 6-7. oldal:   Találkozás Szuhay Balázzsal;FAZEKAS MÁTYÁS;
1994;6;8;7;1994. 6. szám:   Sírva vigad a magyar (hirdetõ);FAZEKAS MÁTYÁS;
1995;1;16;10;1995. 1. szám:   Rubin! <i>(Uhr Gyõzõ)</i>;FAZEKAS MÁTYÁS;
1995;1;16;11;1995. 1. szám:   Tündérrózsa;FAZEKAS MÁTYÁS;
1995;1;16;11;1995. 1. szám:   Az én becses hölgyem;FAZEKAS MÁTYÁS;
1995;2;12;8;1995. 2. szám:   Újra szentelt Isten háza;FAZEKAS MÁTYÁS;
1995;2;12;11;1995. 2. szám:   Sebességkorlátozás;FAZEKAS MÁTYÁS;
1995;2;12;9;1995. 2. szám:   Utazók Klubja '95;FAZEKAS MÁTYÁS;Utazók klubja
1996;2;12;4;1996. 2. szám:   Utazók klubja;FAZEKAS MÁTYÁS;Utazók klubja
1995;4;12;6;1995. 4. szám:   Az idõsek megbecsülése;FAZEKAS MÁTYÁS;
1995;5;12;3;1995. 5. szám:   Futásomat elvégeztem...;FAZEKAS MÁTYÁS;
1995;5;12;8;1995. 5. szám:   Kortárs képkiállítás;FAZEKAS MÁTYÁS;
1995;5;12;8;1995. 5. szám:   In memoriam Treplán Dezsõ;FAZEKAS MÁTYÁS;
1995;5;12;11;1995. 5. szám:   Lidérces álmom;FAZEKAS MÁTYÁS;
1996;1;12;1;1996. 1. szám:   Ezeregyszáz év;FAZEKAS MÁTYÁS;
1996;1;12;6;1996. 1. szám:   Füzesi János emlékére;FAZEKAS MÁTYÁS;
1996;1;12;8;1996. 1. szám:   Az új orgona megáldása;FAZEKAS MÁTYÁS;
1996;1;12;8;1996. 1. szám:   Lelkipásztor-búcsúztatás;FAZEKAS MÁTYÁS;
1996;1;12;10;1996. 1. szám:   Az infláció és ellenszere;FAZEKAS MÁTYÁS;
1996;1;12;10;1996. 1. szám:   Magyarország 2000;FAZEKAS MÁTYÁS;
1996;2;12;7;1996. 2. szám:   Takarékosok küldöttgyûlése;FAZEKAS MÁTYÁS;
1996;2;12;10;1996. 2. szám:   Szaszák Imre Veresegyház új református lelkésze;FAZEKAS MÁTYÁS;
1996;3;12;3;1996. 3. szám:   Csóti György Veresegyházon;FAZEKAS MÁTYÁS;
1996;3;12;6;1996. 3. szám:   Vallom(ikul)ás;FAZEKAS MÁTYÁS;
1996;3;12;7;1996. 3. szám:   Turul és kereszt <i>(könyvismertetés)</i>;FAZEKAS MÁTYÁS;
1996;3;12;7;1996. 3. szám:   Dr. Bölcskei Gusztáv az új tiszántúli püspõk;FAZEKAS MÁTYÁS;
1996;3;12;7;1996. 3. szám:   Hol lakik az Isten?;FAZEKAS MÁTYÁS;
1996;3;12;10;1996. 3. szám:   Jubiláló nyugdíjasklub;FAZEKAS MÁTYÁS;
1996;3;12;11;1996. 3. szám:   Dr. Uhr Gyõzõ kitüntetése;FAZEKAS MÁTYÁS;
1997;1;12;1;1997. 1. szám:   Mózestól Tocsikig;FAZEKAS MÁTYÁS;
1997;1;12;4;1997. 1. szám:   In memoriam Simándi József;FAZEKAS MÁTYÁS;
1997;1;12;4;1997. 1. szám:   Eltemettük a százegy éves Mancó nénit;FAZEKAS MÁTYÁS;
1997;1;12;4;1997. 1. szám:   103 évesen halt meg;FAZEKAS MÁTYÁS;
1997;1;12;4;1997. 1. szám:   Világjáró veresiek;FAZEKAS MÁTYÁS;
1997;1;12;4;1997. 1. szám:   Érdes anyanyelvünk;FAZEKAS MÁTYÁS;
1997;2;10;3;1997. 2. szám:   Halottaink emlékére;FAZEKAS MÁTYÁS;
1997;2;10;5;1997. 2. szám:   Jubileum  zenetagozatnál;FAZEKAS MÁTYÁS;
1989;1;16;9;1989. 1. szám:   In memoriam Csudi;GERHÁT IMRE;
1990;1;12;1;1990. 1. szám:   Mindnyájunknak el kell menni!;GERHÁT IMRE;
1990;3;12;11;1990. 3. szám:   Parlamenti tüskék;GERHÁT IMRE;
1990;4;12;1;1990. 4. szám;GERHÁT IMRE;Választási bemutatkozó
1990;5;16;1;1990. 5. szám;GERHÁT IMRE;Választási bemutatkozó
1994;5;16;4;1994. 5. szám;GERHÁT IMRE;Választási bemutatkozó
1990;5;16;10;1990. 5. szám:   Mit akar a helyi MDF?;GERHÁT IMRE;
1990;6;12;2;1990. 6. szám:   Veresegyház önkormányzata megkezdte munkáját;GERHÁT IMRE;
1991;1;12;3;1991. 1. szám:   Történet a szerénységrõl;GERHÁT IMRE;
1991;1;12;3;1991. 1. szám:   Sokba kerül a demokrácia;GERHÁT IMRE;
1991;2;12;10;1991. 2. szám:   Hozzászólás önkormányzati testületi üléshez;GERHÁT IMRE;
1991;3;12;5;1991. 3. szám:   Az önkormányzat nem szervezi;GERHÁT IMRE;
1991;3;12;6;1991. 3. szám:   Kis hír nagy prémiumról;GERHÁT IMRE;
1991;3;12;7;1991. 3. szám:    1. rész;GERHÁT IMRE;Jegyzõ nélkül sej-haj...
1991;4;17;9;1991. 4-5. szám:    2. rész;GERHÁT IMRE;Jegyzõ nélkül sej-haj...
1992;2;16;9;1992. 2. szám:    3. rész;GERHÁT IMRE;Jegyzõ nélkül sej-haj...
1991;3;12;8;1991. 3. szám:    Vegyük vissza földjeinket!;GERHÁT IMRE;
1991;4;17;1;1991. 4-5. szám:    Dilemmában vagyok a föld miatt;GERHÁT IMRE;
1991;4;17;6;1991. 4-5. szám:    Kárpótlás=föld + igazságszolgáltatás;GERHÁT IMRE;
1991;4;17;11;1991. 4-5. szám:    Egy fõszerkesztõ leváltása ürügyén;GERHÁT IMRE;
1991;4;17;15;1991. 4-5. szám:   Takácsék újabb aranyai;GERHÁT IMRE;
1991;6;16;5;1991. 6. szám:   Veresegyház az ország legeladósodottabb községe;GERHÁT IMRE;
1992;1;16;3;1992. 1. szám:    Nem eladó? Eladó?;GERHÁT IMRE;Nem eladó? Eladó?
1992;2;16;9;1992. 2. szám:    Helyreigazítás;GERHÁT IMRE;Nem eladó? Eladó?
1992;1;16;10;1992. 1. szám:    Javaslat telefonügyben;GERHÁT IMRE;
1992;1;16;12;1992. 1. szám:    Felhívás szövetkezeti tagok és örököseik részére;GERHÁT IMRE;
1992;2;16;2;1992. 2. szám:    Takács lányok a budapesti városházán;GERHÁT IMRE;
1992;2;16;5;1992. 2. szám:    Veresen fáj még a demokrácia!;GERHÁT IMRE;
1992;2;16;14;1992. 2. szám:    Továbbra is a Lenin(i) úton;GERHÁT IMRE;
1992;3;16;7;1992. 3. szám: Önkormányzati hírek   ;GERHÁT IMRE;Önkormányzati EZ+AZ
1992;4;16;5;1992. 4. szám, 5. oldal   ;GERHÁT IMRE;Önkormányzati EZ+AZ
1992;4;16;15;1992. 4. szám 15. oldal   ;GERHÁT IMRE;Önkormányzati EZ+AZ
1993;3;16;7;1993. 3. szám: Önkormányzati kommentár   ;GERHÁT IMRE;Önkormányzati EZ+AZ
1994;1;16;8;1994. 1. szám: Önkormányzati kommentár   ;GERHÁT IMRE;Önkormányzati EZ+AZ
1996;2;12;7;1996. 2. szám: Pénzügyi hírek   ;GERHÁT IMRE;Önkormányzati EZ+AZ
1992;4;16;5;1992. 4. szám:    Az aranyesõ nem Veresegyházra esik;GERHÁT IMRE;
1992;4;16;15;1992. 4. szám:    Pazar(ló) ünnepség;GERHÁT IMRE;
1992;5;20;14;1992. 5. szám, 14-15. oldal:    Könyvismertetés;GERHÁT IMRE;
1992;5;20;16;1992. 5. szám:    A nagy (hitel)fogás;GERHÁT IMRE;
1992;5;20;16;1992. 5. szám:    Jegyzõválság Veresegyházon;GERHÁT IMRE;
1993;1;16;1;1993. 1. szám:    Költségvetés, 1993;GERHÁT IMRE;
1993;1;16;5;1993. 1. szám:    Erzsébet Kupa Veresen;GERHÁT IMRE;
1993;1;16;10;1993. 1. szám 10-11. oldal:    Küldöttként az MDF VI. Országos Gyûlésérõl;GERHÁT IMRE;
1993;1;16;10;1993. 1. szám:    Föld! Föld a közelben!;GERHÁT IMRE;
1993;2;16;2;1993. 2. szám:    Csõd az ifjúsági parkban;GERHÁT IMRE;
1993;2;16;3;1993. 2. szám:    Érvénytelen szerzõdések;GERHÁT IMRE;
1993;2;16;8;1993. 2. szám 8-9. oldal:    Mesteri bér;GERHÁT IMRE;
1993;2;16;14;1993. 2. szám:    Álhírmondó?;GERHÁT IMRE;
1993;3;16;1;1993. 3. szám:    Földvétel-spekuláció;GERHÁT IMRE;
1993;3;16;14;1993. 3. szám:    Tornagyõztes: Veresegyház!;GERHÁT IMRE;
1993;4;16;2;1993. 4. szám 2-3. oldal:    A milliárdot érõ ember;GERHÁT IMRE;
1993;4;16;13;1993. 4. szám:    1956 üzenete <i>(Jakab János-interjú)</i>;GERHÁT IMRE;
1993;5;16;4;1993. 5. szám:    A jutalom;GERHÁT IMRE;
1993;5;16;12;1993. 5. szám:    Képzelt riport egy nyilatkozat kapcsán;GERHÁT IMRE;
1993;5;16;13;1993. 5. szám:    1. rész;GERHÁT IMRE;Hogyan adózzunk az eladott termõföld után?
1994;1;16;5;1994. 1. szám:    2. rész;GERHÁT IMRE;Hogyan adózzunk az eladott termõföld után?
1994;1;16;8;1994. 1. szám:    Szennyvízcsatorna és szennyvíztisztító építése;GERHÁT IMRE;
1994;1;16;8;1994. 1. szám:    Rekord adósságtörlesztés;GERHÁT IMRE;
1994;1;16;8;1994. 1. szám:    Rekord költségvetés;GERHÁT IMRE;
1994;2;16;3;1994. 2. szám:    Szennyvízcsatorna;GERHÁT IMRE;
1994;2;16;7;1994. 2. szám:    Elõttünk egy nemzetnek sorsa áll!;GERHÁT IMRE;
1994;4;16;2;1994. 4. szám 2-3. oldal:    A választó is tévedhet;GERHÁT IMRE;
1994;4;16;3;1994. 4. szám:    Súgok a rendõrségnek;GERHÁT IMRE;
1994;4;16;8;1994. 4. szám:    Hitelfelvétel a csatornázáshoz;GERHÁT IMRE;
1994;4;16;9;1994. 4. szám:    A képviselõ-testület Párizsban;GERHÁT IMRE;
1994;4;16;10;1994. 4. szám:    Szállj közénk 1956 szelleme!;GERHÁT IMRE;
1994;4;16;13;1994. 4. szám:    Hírek a termõföldrõl;GERHÁT IMRE;
1994;5;16;6;1994. 5. szám:    Tudnivalók az önkormányzati választásokról;GERHÁT IMRE;
1994;5;16;6;"1994. 5. szám:    ""Hát én ímmár kit válasszak?""";GERHÁT IMRE;
1994;5;16;13;1994. 5. szám:    Kossuth Lajos halálának 100. évfordulójára;GERHÁT IMRE;
1995;1;16;6;1995. 1. szám:    A magyar kultúra napja;GERHÁT IMRE;
1995;1;16;9;1995. 1. szám:    Tallózás önkormányzati ügyekben;GERHÁT IMRE;
1995;2;12;1;1995. 2. szám:    Költségvetés - hiányokkal;GERHÁT IMRE;
1995;2;12;7;1995. 2. szám:    Van már jegyzõ... jaj!;GERHÁT IMRE;
1995;3;12;11;1995. 3. szám:    Mi lesz a részarány-tulajdonú földekkel?;GERHÁT IMRE;
1995;3;12;11;1995. 3. szám:    Vége a földárverésnek;GERHÁT IMRE;
1995;4;12;1;1995. 4. szám:    Jobb ma egy veréb...?;GERHÁT IMRE;
1995;4;12;1;1995. 4. szám:    Az 1956-os forradalom és a katolikus egyház <i>(könyvismertetés)</i>;GERHÁT IMRE;
1995;5;12;6;1995. 5. szám:    Tallózás az önkormányzat döntései közt;GERHÁT IMRE;
1996;1;12;1;1996. 1. szám:    Súlyos adó - polgármesteri szavazattal;GERHÁT IMRE;
1996;1;12;3;1996. 1. szám:    Emelkedett az idegenforgalmi adó;GERHÁT IMRE;
1996;1;12;4;1996. 1. szám:    A Hírmondóban olvastam;GERHÁT IMRE;
1996;2;12;1;1996. 2. szám:    Újrafelfújt, Pásztor módra;GERHÁT IMRE;
1996;3;12;1;1996. 3. szám:    Öt hónap, érdemi ülés nélkül;GERHÁT IMRE;
1996;3;12;4;1996. 3. szám:    Tocsik-díjas önkormányzati ügyek;GERHÁT IMRE;
1996;3;12;4;1996. 3. szám:    Az 1995. évi költségvetési beszámoló;GERHÁT IMRE;
1996;3;12;5;1996. 3. szám:    1997-ben meggondoltabban;GERHÁT IMRE;
1997;1;12;2;"1997. 1. szám 2-3. oldal:    Önkormányzati ""teszek-veszek""";GERHÁT IMRE;"Önkormányzati ""teszek-veszek"""
1997;2;12;4;1997. 2. szám 2-3. oldal:    Törvénytelenség vagy közokirat-hamisítás?;GERHÁT IMRE;"Önkormányzati ""teszek-veszek"""
1997;1;12;3;1997. 1. szám:    Tallózás a képviselõ-testület határozataiban;GERHÁT IMRE;
1997;1;12;6;1997. 1. szám:    Költségvetés, 1997;GERHÁT IMRE;
1997;1;12;10;1997. 1. szám:    Ünnepeltünk;GERHÁT IMRE;
1997;2;10;2;1997. 2. szám:    Mese a pásztorról és a medvékrõl;GERHÁT IMRE;
1997;2;10;6;1997. 2. szám:    A Fagrota kálváriája;GERHÁT IMRE;FAGROTA ügy
1998;1;8;8;1998. 1. szám:    Újra a Fagrota fateleprõl;GERHÁT IMRE;FAGROTA ügy
1997;2;10;8;1997. 2. szám:    A kommunális adóról;GERHÁT IMRE;
1989;1;16;6;1989. 1. szám:   Félrehallások, avagy nyelvoktatásunk margójára;HEVESI JÁNOS;
1990;4;12;6;1990. 4. szám:   Választási bemutatkozó;HEVESI JÁNOS;
1990;5;16;10;1990. 5. szám:   A pótolhatatlanság receptje;HEVESI JÁNOS;
1991;1;12;5;1991. 1. szám:   Mi dolgunk lehet még?;HEVESI JÁNOS;
1991;3;12;7;1991. 3. szám 7-8. oldal:   Ismételt igazgatóválasztás az iskolában;HEVESI JÁNOS;
1991;4;17;5;"1991. 4-5. szám:   ""Kéznyújtást a bajban""";HEVESI JÁNOS;
1991;6;16;15;1991. 6. szám:   Megválasztották az új iskolaigazgatót;HEVESI JÁNOS;
1992;2;16;1;1992. 2. szám:   Az általános iskola új igazgatója: Kovács Éva;HEVESI JÁNOS;
1993;3;16;4;1993. 3. szám 4-5. oldal:   Beszélgetés az általános iskola igazgatójával;HEVESI JÁNOS;
1989;1;16;1;1989. 1. szám:   Nagyon nagy a tét;HORVÁTH LAJOS;
1989;1;16;8;1989. 1. szám:   A Kéve három napja;HORVÁTH LAJOS;
1989;1;16;14;1989. 1. szám:   Lesz-e Veresegyháznak címere?;HORVÁTH LAJOS;
1989;2;12;4;"1989. 2. szám:   1944. december 10-11. <i>(Emlékezés a ""felszabadulásra"")</i>";HORVÁTH LAJOS;
1989;2;12;5;1989. 2. szám:   Feloszlatták a munkásõrséget!;HORVÁTH LAJOS;
1989;2;12;5;1989. 2. szám:   Meg tud-e újulni a Hazafias Népfront?;HORVÁTH LAJOS;
1989;2;12;11;1989. 2. szám:   Politikai manipuláció <i>(humor)</i>;HORVÁTH LAJOS;
1990;1;12;7;1990. 1. szám:   Most virrad magyarnak, románnak egyszerre és egyként?;HORVÁTH LAJOS;
1990;1;12;9;"1990. 1. szám:   Egy ""hiteles"" ember";HORVÁTH LAJOS;
1990;1;12;10;1990. 1. szám:   Mi az igazság a veresi iskola konyháján?;HORVÁTH LAJOS;
1990;1;12;12;1990. 1. szám:   Olvassa a Kereplõt is!;HORVÁTH LAJOS;
1990;3;12;1;1990. 3. szám:   Rendszerváltást Veresegyházon is!;HORVÁTH LAJOS;
1990;3;12;6;1990. 3. szám:   Atyha, a székelyföldi testvérfalu;HORVÁTH LAJOS;
1990;3;12;11;1990. 3. szám:   Veresi a spanyolviasz feltalálója;HORVÁTH LAJOS;
1990;4;12;3;1990. 4. szám:   Leváltjuk a tanácsrendszert!;HORVÁTH LAJOS;
1990;4;12;6;1990. 4. szám:   Választási bemutatkozó;HORVÁTH LAJOS;
1990;4;12;10;1990. 4. szám:   Emberhez méltóan;HORVÁTH LAJOS;
1990;4;12;11;1990. 4. szám:   Mire nem való a községháza?;HORVÁTH LAJOS;
1990;5;16;4;1990. 5. szám:   Sem hiteles emberek, sem hiteles társaság;HORVÁTH LAJOS;
1990;5;16;5;1990. 5. szám 5-7. oldal:   Az 1956-os népfelkelés eseményei Veresen;HORVÁTH LAJOS;
1990;5;16;10;1990. 5. szám:   Hová lett a veresi múzeum, Pásztor elvtárs?;HORVÁTH LAJOS;
1990;5;16;13;1990. 5. szám:   Pásztor Béla lepaktált az SZDSZ-szel;HORVÁTH LAJOS;
1990;5;16;13;1990. 5. szám:   Most fürdõ vagy nem fürdõ?;HORVÁTH LAJOS;
1990;6;12;5;1990. 6. szám:   Veresegyház nagyközség címere és zászlaja;HORVÁTH LAJOS;
1990;6;12;8;1990. 6. szám:   Kései sírbeszéd Zólyomi Géza hantja felett;HORVÁTH LAJOS;
1990;6;12;9;1990. 6. szám:   Kölcsey;HORVÁTH LAJOS;
1991;1;12;1;1991. 1. szám:   A szabadság kapujában;HORVÁTH LAJOS;
1991;1;12;1;1991. 1. szám:   A veresegyházi jegyzõügy;HORVÁTH LAJOS;
1991;1;12;7;1991. 1. szám:   Zöldövezet <i>(vers)</i>;HORVÁTH LAJOS;
1991;1;12;8;1991. 1. szám:   Richter István (1926-1990);HORVÁTH LAJOS;
1991;1;12;9;1991. 1. szám:   Fehér ló monda;HORVÁTH LAJOS;
1991;1;12;9;1991. 1. szám:   Éljen a szabad, független és demokratikus Litvánia!;HORVÁTH LAJOS;
1991;2;12;4;1991. 2. szám 4-6. oldal:   A Feket Párduc vallomása;HORVÁTH LAJOS;
1991;2;12;8;1991. 2. szám 8-9. oldal:   Veresegyház 1944-45 fordulóján;HORVÁTH LAJOS;
1991;3;12;1;1991. 3. szám:   Megszabadultunk végre a szovjet megszállástól!;HORVÁTH LAJOS;
1991;4;17;2;1991. 4-5. szám:   István király;HORVÁTH LAJOS;
1991;4;17;3;1991. 4-5. szám:   Veresegyház II. világháborús embervesztesége;HORVÁTH LAJOS;
1991;4;17;7;1991. 4-5. szám:   Azok figyelmébe, akik telefonra fizettek be Veresen;HORVÁTH LAJOS;
1991;4;17;9;1991. 4-5. szám:   A polgármester nem hajlandó írásban tájékoztatni;HORVÁTH LAJOS;
1991;4;17;12;1991. 4-5. szám 12-13. oldal:   Hazafias kirándulás Kárpátalján;HORVÁTH LAJOS;
1991;6;16;3;1991. 6. szám:   A veresegyházi reformátusok Hollandiában;HORVÁTH LAJOS;
1991;6;16;9;1991. 6. szám:   Szennylap?;HORVÁTH LAJOS;
1991;6;16;10;1991. 6. szám:   Istennel a népért;HORVÁTH LAJOS;
1991;6;16;14;1991. 6. szám:   Lenin illegalitásban Veresen!?;HORVÁTH LAJOS;
1991;6;16;14;"1991. 6. szám:   ""Az MDF vágóhídra küldi fiainkat""";HORVÁTH LAJOS;
1992;1;16;2;1992. 1. szám:   Elköszön a szerkesztõ;HORVÁTH LAJOS;
1992;5;20;7;1992. 5. szám:   Veresegyházért Kulturális Alapítvány;HORVÁTH LAJOS;
1993;5;20;7;1993. 5. szám:   A Veresegyházért Kulturális Alapítvány 1993. évi díjazottjai;HORVÁTH LAJOS;
1990;3;12;8;1990. 3. szám:    Gondolatok egy ver(eked)és ürügyén;ILLÉSFALVI PÉTER;
1990;5;16;11;1990. 5. szám:    Tisztavatás 1990;ILLÉSFALVI PÉTER;
1990;6;12;1;1990. 6. szám:    Karácsony elé;ILLÉSFALVI PÉTER;
1991;6;16;6;1991. 5. szám:    Nemzeti hadseregrõl;ILLÉSFALVI PÉTER;
1991;6;16;9;1991. 5. szám:    Hogy is van ez?;ILLÉSFALVI PÉTER;
1992;1;16;5;1992. 1. szám:    Magyar óceánrepülés;ILLÉSFALVI PÉTER;
1992;2;16;11;1992. 2. szám:    Történelmi felvonulás, tanulságokkal;ILLÉSFALVI PÉTER;
1992;2;16;12;1992. 2. szám:    Egy régebbi alapítványról;ILLÉSFALVI PÉTER;
1992;4;16;6;1992. 4. szám:    Találkozás Obersovszky Gyulával;ILLÉSFALVI PÉTER;
1992;5;20;6;1992. 5. szám:    Egy zászló hazatért;ILLÉSFALVI PÉTER;
1993;2;16;4;1993. 2. szám:    Kõrösi Csoma Sándor emlékére;ILLÉSFALVI PÉTER;
1993;3;16;12;1993. 3. szám:    Jamboree-emléktábor Gödöllõn;ILLÉSFALVI PÉTER;
1993;5;16;12;1993. 5. szám:    Interjú Nagy Gábor õrbottyáni polgármesterrel;ILLÉSFALVI PÉTER;
1994;2;16;14;1994. 2. szám 14-15. oldal:    Beszélgetés Kiss Ferenc asztalos kisiparossal;ILLÉSFALVI PÉTER;
1994;5;16;9;1994. 5. szám:    Elnöki (el)töprengõ;ILLÉSFALVI PÉTER;
1994;6;8;3;"1994. 6. szám:    ""Vértelen"" ünnepléseink";ILLÉSFALVI PÉTER;
1995;1;16;2;1995. 1. szám:    Szervezeti hírek;ILLÉSFALVI PÉTER;
1995;3;12;5;1995. 3. szám:    Még egyszer a IX. Országos Gyûlésrõl;ILLÉSFALVI PÉTER;
1995;4;12;5;1995. 4. szám:    Elnökök gyûlése;ILLÉSFALVI PÉTER;
1996;1;12;7;1996. 1. szám:    MDF-es visszatekintõ;ILLÉSFALVI PÉTER;
1996;2;12;6;1996. 2. szám:    Dr. Boross Péter Veresegyházon;ILLÉSFALVI PÉTER;
1996;2;12;6;1996. 2. szám:    Mi történt az MDF-ben?;ILLÉSFALVI PÉTER;
1996;3;12;9;1996. 3. szám:    Megemlékezés október 23-ra;ILLÉSFALVI PÉTER;
1996;3;12;10;1996. 3. szám:    Mi a helyzet?;ILLÉSFALVI PÉTER;
1989;1;16;10;1989. 1. szám:    Mi a cserkészet?;Ifj. ILLÉSFALVI PÉTER;
1992;5;20;6;1992. 5. szám:    Gondolatok egy emlékmûavatás kapcsán;Ifj. ILLÉSFALVI PÉTER;
1993;1;16;3;1993. 1. szám:    Idõszerû gondolatok szûkebb pátriánk vasúti közlekedésérõl;Ifj. ILLÉSFALVI PÉTER;
1993;1;16;7;1993. 1. szám:    Március 15. elõtt;Ifj. ILLÉSFALVI PÉTER;
1993;2;16;4;1993. 2. szám 4-5. oldal:    Hõsök napja;Ifj. ILLÉSFALVI PÉTER;
1993;3;16;2;1993. 3. szám:    Moldvai tájakon;Ifj. ILLÉSFALVI PÉTER;
1993;3;16;11;1993. 3. szám:    I. rész (Bevezetõ);Ifj. ILLÉSFALVI PÉTER;A Vác-Budapest-Gödöllõ helyiérdekû vasút története
1993;4;16;10;1993. 4. szám 10-11. oldal:    II. rész. Az elsõ tervek;Ifj. ILLÉSFALVI PÉTER;A Vác-Budapest-Gödöllõ helyiérdekû vasút története
1993;5;16;10;1993. 5. szám 10-11. oldal:    III. rész. Az építkezés;Ifj. ILLÉSFALVI PÉTER;A Vác-Budapest-Gödöllõ helyiérdekû vasút története
1994;2;16;10;1994. 2. szám 10-11. oldal:    IV. rész. A virágkor;Ifj. ILLÉSFALVI PÉTER;A Vác-Budapest-Gödöllõ helyiérdekû vasút története
1994;4;16;4;1994. 4. szám 4-5. oldal:    V. rész. Az újjáépítés;Ifj. ILLÉSFALVI PÉTER;A Vác-Budapest-Gödöllõ helyiérdekû vasút története
1994;5;16;10;1994. 5. szám 10-11. oldal:    VI. rész. A vonal históriája napjainkig;Ifj. ILLÉSFALVI PÉTER;A Vác-Budapest-Gödöllõ helyiérdekû vasút története
1994;1;16;13;1994. 1. szám:    Lesz-e villamos vasúrunk?;Ifj. ILLÉSFALVI PÉTER;
1994;1;16;14;1994. 1. szám:    Haladás;Ifj. ILLÉSFALVI PÉTER;
1994;3;6;5;1994. 3. szám:    Helyi lapok találkozója;Ifj. ILLÉSFALVI PÉTER;
1994;6;8;5;1994. 6. szám:    Emlékezés Baranyai Jánosra;Ifj. ILLÉSFALVI PÉTER;
1995;1;16;14;1995. 1. szám:    1. rész;Ifj. ILLÉSFALVI PÉTER;Hegyek közt a Székelyföldön
1995;3;12;10;1995. 3. szám:    2. rész;Ifj. ILLÉSFALVI PÉTER;Hegyek közt a Székelyföldön
1995;4;12;10;1995. 4. szám:    3. rész;Ifj. ILLÉSFALVI PÉTER;Hegyek közt a Székelyföldön
1995;5;12;6;1995. 4. szám:    4. rész;Ifj. ILLÉSFALVI PÉTER;Hegyek közt a Székelyföldön
1995;5;12;4;1995. 5. szám:    Jeszenszky Géza Veresegyházon;Ifj. ILLÉSFALVI PÉTER;
1989;1;16;9;1989. 1. szám:    Gyûjtõk és mindenki figyelem!;ILLÉSFALVI PÉTERNÉ;
1991;6;16;12;1991. 5. szám:    A gödöllõi mûvésztelep és a Remsey fivérek;ILLÉSFALVI PÉTERNÉ;
1993;2;16;7;1993. 2. szám;ILLÉSFALVI PÉTERNÉ;Konyhamûvészet takarékosabban!
1993;3;16;14;1993. 3. szám;ILLÉSFALVI PÉTERNÉ;Konyhamûvészet takarékosabban!
1993;5;16;2;1993. 5. szám: Karácsony jegyében;ILLÉSFALVI PÉTERNÉ;Konyhamûvészet takarékosabban!
1994;1;16;3;1994. 1. szám;ILLÉSFALVI PÉTERNÉ;Konyhamûvészet takarékosabban!
1994;4;16;15;1994. 4. szám;ILLÉSFALVI PÉTERNÉ;Konyhamûvészet takarékosabban!
1994;5;16;13;1994. 5. szám;ILLÉSFALVI PÉTERNÉ;Konyhamûvészet takarékosabban!
1994;6;8;8;1994. 6. szám;ILLÉSFALVI PÉTERNÉ;Konyhamûvészet takarékosabban!
1995;5;12;10;1995. 5. szám;ILLÉSFALVI PÉTERNÉ;Konyhamûvészet takarékosabban!
1996;3;12;6;1996. 3. szám: Szilveszteri receptek;ILLÉSFALVI PÉTERNÉ;Konyhamûvészet takarékosabban!
1994;2;16;4;1994. 2. szám: Méltó emlékezés;ILLÉSFALVI PÉTERNÉ;
1994;4;16;13;1994. 4. szám: Javuló egészségügyünk?;ILLÉSFALVI PÉTERNÉ;
1995;5;12;4;1995. 5. szám: Ki a polgár, mit nevezünk polgárosodásnak?;ILLÉSFALVI PÉTERNÉ;
1996;1;12;7;1996. 1. szám: Polgárosodás helyett - elituralom?;ILLÉSFALVI PÉTERNÉ;
1989;2;12;3;1989. 2. szám:   Isten mentõ szeretete;KOCZÓ PÁL;
1991;6;16;2;1991. 6. szám:   Mikor lesz igazi karácsonyunk?;KOCZÓ PÁL;
1992;1;16;1;1992. 1. szám:   Nemzeti ünnepünk a hívõ ember szemével;KOCZÓ PÁL;
1992;2;16;10;1992. 2. szám:   Jövel, Szentlélek Úr Isten!;KOCZÓ PÁL;
1992;3;16;11;1992. 3. szám:   Gondviselõ, jó atyám vagy;KOCZÓ PÁL;
1992;4;16;11;1992. 4. szám:   Kirándulás Vizsolyon;KOCZÓ PÁL;
1992;5;20;4;1992. 5. szám:   Karácsony hétköznapjai;KOCZÓ PÁL;
1993;4;16;4;1993. 4. szám:   Reformáció;KOCZÓ PÁL;
1995;2;12;8;1995. 2. szám:   Dona nobis pacem!;KOCZÓ PÁL;
1995;4;12;9;1995. 4. szám:   A reformáció Isten mûve;KOCZÓ PÁL;
1989;2;12;10;1989. 2. szám:   Téli betegségek;Dr. KOVÁCS ILONA;
1992;2;16;12;1992. 2. szám:   A vonós kamarazenekar vendégszereplése;Dr. KOVÁCS ILONA;
1992;3;16;13;1992. 3. szám:   Zenei tábor;Dr. KOVÁCS ILONA;
1992;4;16;3;1992. 3. szám:   Szeptemberi rímgyakorlat <i>(vers)</i>;Dr. KOVÁCS ILONA;
1993;2;16;13;1993. 2. szám:   Dicséret az országos versenyen;Dr. KOVÁCS ILONA;
1993;3;16;14;1993. 3. szám:   Élményeim a Fitness-centerben;Dr. KOVÁCS ILONA;
1993;5;16;14;1993. 5. szám:   Lisznyay emlékhangverseny;Dr. KOVÁCS ILONA;
1994;1;16;15;1994. 1. szám:   Hangverseny a Zeneakadémián;Dr. KOVÁCS ILONA;
1994;5;16;4;1994. 5. szám:   Választási bemutatkozó;Dr. KOVÁCS ILONA;
1994;6;8;3;1994. 6. szám:   Koncertek advent idején;Dr. KOVÁCS ILONA;
1997;2;10;5;1997. 2. szám:   A zeneiskola karácsonyi koncertjei;Dr. KOVÁCS ILONA;
1989;1;16;12;1989. 1. szám:   Viszony;KRENEDITS SÁNDOR;
1989;2;12;1;1989. 2. szám:   Miért nem akarok kommunizmust?;KRENEDITS SÁNDOR;
1989;2;12;2;1989. 2. szám:   Közlemény, körözés <I>(humor)</I>;KRENEDITS SÁNDOR;
1989;2;12;8;1989. 2. szám:    1. rész;KRENEDITS SÁNDOR;Mi újság a tó körül?
1990;3;12;2;1990. 3. szám 2-4. oldal:    2. rész;KRENEDITS SÁNDOR;Mi újság a tó körül?
1990;1;12;10;"1990. 1. szám:    A mi (egyik) helyi, pici ""nemzeti színházunk""";KRENEDITS SÁNDOR;
1990;1;12;2;1990. 1. szám:    Rejtvény;KRENEDITS SÁNDOR;
1990;3;4;3;1990. 2. szám:    Nyílt levél a veresegyházi iskola igazgatójához;KRENEDITS SÁNDOR;
1990;4;12;7;1990. 4. szám;KRENEDITS SÁNDOR;Választási bemutatkozó
1994;5;16;4;1994. 5. szám;KRENEDITS SÁNDOR;Választási bemutatkozó
1990;5;16;7;1990. 5. szám:    Ki vezet be az ígéret földjére?;KRENEDITS SÁNDOR;
1991;1;12;6;1991. 1. szám:    Koncert ése alapítvány a veresegyházi részorultakért;KRENEDITS SÁNDOR;
1991;1;12;6;1991. 1. szám:    Bemutatjuk az Ifjúsági Demokrata Fórumot;KRENEDITS SÁNDOR;
1991;4;17;3;1991. 4-5. szám 3-4. oldal:   Lengyelke;KRENEDITS SÁNDOR;
1991;6;16;11;1991. 6. szám:   Az idegen;KRENEDITS SÁNDOR;
1992;1;16;1;1992. 1. szám:   A vélemény szabad;KRENEDITS SÁNDOR;
1992;1;16;10;1992. 1. szám:   Elszabotált falugyûlés;KRENEDITS SÁNDOR;
1992;2;16;1;1992. 2. szám:   Gondolatok a falugyûlésrõl;KRENEDITS SÁNDOR;
1992;2;16;4;1992. 2. szám:   Vidám majális;KRENEDITS SÁNDOR;
1992;2;16;8;1992. 2. szám:   Önkormányzat-mûköd(és);KRENEDITS SÁNDOR;
1992;4;16;2;1992. 4. szám:   Környezetvédelmi ankét;KRENEDITS SÁNDOR;
1992;4;16;5;1992. 4. szám:   Vendégünk volt Pongrátz Gergely;KRENEDITS SÁNDOR;
1992;4;16;8;1992. 4. szám:   Ítélet: 15 év börtön <i>(Hajdi Lajos-interjú)</i>;KRENEDITS SÁNDOR;
1992;4;16;13;1992. 4. szám:   Ricse a strandon;KRENEDITS SÁNDOR;
1992;4;16;15;1992. 4. szám:   Tük - 2;KRENEDITS SÁNDOR;
1992;5;20;11;1992. 5. szám:   Öreg temetõ <i>(vers)</i>;KRENEDITS SÁNDOR;
1992;5;20;13;1992. 5. szám:   Húsz éve a pályán <i>(Ella István-interjú)</i>;KRENEDITS SÁNDOR;
1992;5;20;19;1992. 5. szám:   Szilveszteri álhírek;KRENEDITS SÁNDOR;
1993;2;16;1;1993. 2. szám:   A tiszta víz gátja;KRENEDITS SÁNDOR;
1993;2;16;2;1993. 2. szám 2-3. oldal:   Hogy látja a bérlõ? <i>(termálfürdõ)</i>;KRENEDITS SÁNDOR;
1993;2;16;3;1993. 2. szám:   Gyenge majális;KRENEDITS SÁNDOR;
1993;2;16;15;1993. 2. szám:   Lebontott bakterház;KRENEDITS SÁNDOR;
1993;3;16;1;1993. 3. szám:   Fegyveres emberrablás a veresi strandon!;KRENEDITS SÁNDOR;Lányrablás a strandon
1993;5;16;12;1993. 5. szám:   A lányrablás - álrablás;KRENEDITS SÁNDOR;Lányrablás a strandon
1993;3;16;4;1993. 3. szám:   Beszélgetés az általános iskola igazgatójával;KRENEDITS SÁNDOR;
1993;3;16;5;1993. 3. szám:   Darányi József Alapítvány;KRENEDITS SÁNDOR;
1993;3;16;9;1993. 3. szám:   Tanulmányúton a védett úszólápok között;KRENEDITS SÁNDOR;
1993;4;16;1;1993. 4. szám:   Beszélgetés Bogárdi Zoltán országgyûlési képviselõvel;KRENEDITS SÁNDOR;
1993;4;16;1;1993. 4. szám:   Ki mit tud?-döntõs az Al Capone da Fine együttes;KRENEDITS SÁNDOR;
1993;4;16;12;1993. 4. szám:   Önállósult a veresegyházi zeneiskola;KRENEDITS SÁNDOR;
1993;5;12;4;1993. 5. szám:   Orvosválasztás <i>(dr. Baranyai Tamás)</i>;KRENEDITS SÁNDOR;
1993;5;12;5;1993. 5. szám:   Szabó Árpi világbajnok!;KRENEDITS SÁNDOR;
1993;5;12;5;1993. 5. szám:   Ünneplés sok sportal <i>(október 23.)</i>;KRENEDITS SÁNDOR;
1994;1;16;1;1994. 1. szám:   Beszélgetés Kósa Csabával, a MÚK elnökével;KRENEDITS SÁNDOR;
1994;1;16;9;1994. 1. szám:   In memoriam Horváth István;KRENEDITS SÁNDOR;
1994;2;16;1;1994. 2. szám:   Jelöltünk ismét: Bogárdi Zoltán;KRENEDITS SÁNDOR;
1994;2;16;1;1994. 2. szám:   Salamon László a 3. körzet MDF-jelöltje;KRENEDITS SÁNDOR;
1994;2;16;1;1994. 2. szám:   Salamon László a 3. körzet MDF-jelöltje;KRENEDITS SÁNDOR;
1994;2;16;15;1994. 2. szám:   Politikai gyûlések;KRENEDITS SÁNDOR;
1994;3;6;1;1994. 3. szám:   Most az a fontos, mit nem akarunk;KRENEDITS SÁNDOR;
1994;3;6;1;1994. 3. szám:   Beszélgetés Szabó Iván pénzügyminiszterrel;KRENEDITS SÁNDOR;
1994;4;16;12;1994. 4. szám:   Beszélgetés Gödöllõ polgármesterével;KRENEDITS SÁNDOR;
1994;4;16;12;1994. 4. szám:   Morálisan politizálni <i>(Salamon László-interjú)</i>;KRENEDITS SÁNDOR;
1994;5;16;12;1994. 5. szám:   Vác polgármesterjelöltje Manninger Gábor;KRENEDITS SÁNDOR;
1994;5;16;12;1994. 5. szám:   Pusztai Erzsébet Gödöllõn;KRENEDITS SÁNDOR;
1994;6;8;1;1994. 6. szám:   Téli etûd;KRENEDITS SÁNDOR;
1994;6;8;6;1994. 6. szám:   Megélni, nem meggazdagodni <i>(Huszai Lajos-interjú)</i>;KRENEDITS SÁNDOR;
1994;6;8;7;1994. 6. szám:   Ötletsarok;KRENEDITS SÁNDOR;
1995;1;16;1;1995. 1. szám:   1995 a rendbetétel éve;KRENEDITS SÁNDOR;
1995;1;16;1;1995. 1. szám:   1995 a rendbetétel éve;KRENEDITS SÁNDOR;
1995;1;16;3;1995. 1. szám:   Eljött a felismerés ideje <i>(MDF Pest megye)</i>;KRENEDITS SÁNDOR;
1995;1;16;7;1995. 1. szám:   Kultúrbizottságosdi;KRENEDITS SÁNDOR;
1995;1;16;9;1995. 1. szám:   Villámkérdés;KRENEDITS SÁNDOR;
1995;2;16;1;1995. 2. szám:   A Horn-kormány egy éve <i>(Bogárdi Zoltán-interjú)</i>;KRENEDITS SÁNDOR;
1995;2;16;7;1995. 2. szám:  Képviselõ Kupa, családi futás;KRENEDITS SÁNDOR;
1995;3;12;1;1995. 3. szám:  Értelmes fegyelmet, rendet <i>(Nagy István-interjú)</i>;KRENEDITS SÁNDOR;
1995;3;12;2;1995. 3. szám:  Oktató célú diagnosztikai köpont Veresegyházon? <i>(Rosivall-interjú)</i>;KRENEDITS SÁNDOR;
1995;3;12;3;1995. 3. szám:  Két kérdés Gyarmati Dezsõhöz;KRENEDITS SÁNDOR;
1995;3;12;4;1995. 3. szám:  A szabadság napjáról;KRENEDITS SÁNDOR;
1995;3;12;4;1995. 3. szám:  Röviden;KRENEDITS SÁNDOR;
1995;4;12;6;1995. 4. szám:  A bõség zavara;KRENEDITS SÁNDOR;
1995;5;12;1;1995. 5. szám:  Egy év mérlege <i>(Ella Isván-interjú)</i>;KRENEDITS SÁNDOR;
1995;5;12;2;1995. 5. szám:  A megújuló Szent Erzsébet Alapítvány;KRENEDITS SÁNDOR;
1996;1;12;1;1996. 1. szám:  Az egyetlen fõszereplõ: a lakosság érdekében <i>(Szabadfalvi András-interjú)</i>;KRENEDITS SÁNDOR;
1996;1;12;10;1996. 1. szám:  Utat!;KRENEDITS SÁNDOR;
1996;1;12;11;1996. 1. szám:  Mórocz néni tényleg a legöregebb!;KRENEDITS SÁNDOR;
1996;2;12;4;1996. 2. szám:  Az ellátás ingyenes <i>(Anka Péter-interjú)</i>;KRENEDITS SÁNDOR;
1996;2;12;4;1996. 2. szám:  A tiszta víz reményében <i>(Ács András-interjú)</i>;KRENEDITS SÁNDOR;
1996;2;12;4;1996. 2. szám:  Halpusztulás után<i>(Torosi János-interjú)</i>;KRENEDITS SÁNDOR;
1996;2;12;8;1996. 2. szám:  Tavirózsa Egyesület;KRENEDITS SÁNDOR;
1996;2;12;11;1996. 2. szám:  Elhunyt tagtársunk <i>(Iszály János)</i>;KRENEDITS SÁNDOR;
1996;3;12;3;1996. 3. szám:  Fásítás a tó körül;KRENEDITS SÁNDOR;
1996;3;12;7;1996. 3. szám:  Alapítvány dr. Baranyai Miklós ápolására;KRENEDITS SÁNDOR;
1997;1;12;7;1997. 1. szám:  Hírek a gyermekligetrõl;KRENEDITS SÁNDOR;
1997;2;12;9;1997. 1. szám:  A belügyminiszter a bûn mellé állt;KRENEDITS SÁNDOR;
1998;2;8;1;1998. 1. szám:  Jöttek-mentek a jelöltek, Bogárdi maradt;KRENEDITS SÁNDOR;
1998;2;8;2;1998. 1. szám:  Elhunyt Fazekas Mátyás;KRENEDITS SÁNDOR;
1990;4;12;7;1990. 4. szám;MORVAI LÁSZLÓ;Választási bemutatkozó
1994;5;16;4;1994. 5. szám;MORVAI LÁSZLÓ;Választási bemutatkozó
1991;3;16;10;1991. 3. szám 10-11. oldal: A veresegyházi költségvetés margójára;MORVAI LÁSZLÓ;
1993;4;16;9;1993. 4. szám: Kerékpárral a Holdra;MORVAI LÁSZLÓ;
1993;4;16;15;1993. 4. szám: Tovább a Lenin(i) úton;MORVAI LÁSZLÓ;
1994;1;16;1;1994. 1. szám 1., 4. oldal: Az MDF VII. Országos Gyûlésérõl;MORVAI LÁSZLÓ;
1994;2;16;8;1994. 2. szám: Nem eladó a menyasszony!;MORVAI LÁSZLÓ;
1994;4;16;1;1994. 4. szám: Beszámoló az MDF VIII. Országos Gyûlésérõl;MORVAI LÁSZLÓ;
1994;5;16;9;1994. 5. szám: Az MDF országos gyûlése;MORVAI LÁSZLÓ;
1995;2;12;5;1995. 2. szám: Ülésezett a kulturális bizottság;MORVAI LÁSZLÓ;
1996;1;12;11;1996. 1. szám: Végre suli-buli!;MORVAI LÁSZLÓ;
1994;4;16;9;1994. 4. szám:   A crossozás árnyoldalai;Dr. NÉMETH PÁL;
1994;5;16;5;1994. 5. szám:   Választási bemutatkozó;Dr. NÉMETH PÁL;
1994;5;16;7;1994. 5. szám:   Gondolatok egy aláírásgyûjtés kapcsán;Dr. NÉMETH PÁL;
1995;1;16;8;1995. 1. szám:   A képviselõ-testület bizottságairól;Dr. NÉMETH PÁL;
1995;2;12;2;1995. 2. szám:   Költségvetés-kritika;Dr. NÉMETH PÁL;
1995;2;12;3;1995. 2. szám:   Meghiúsult az ügyrendi bizottság megalakulása;Dr. NÉMETH PÁL;
1995;3;12;6;1995. 3. szám 6-7. oldal:   Jegyzõkönyvek - és a valóság;Dr. NÉMETH PÁL;
1995;3;12;7;1995. 3. szám:   A jegyzõválasztás ürügyén;Dr. NÉMETH PÁL;
1995;4;12;3;1995. 4. szám:   A képviselõk szereplése a testületi üléseken;Dr. NÉMETH PÁL;
1995;4;12;6;1995. 4. szám:   Naptárreform vagy újhullámos újságírás;Dr. NÉMETH PÁL;
1995;5;12;7;1995. 5. szám:   Erõltetett növekedés helyett kiegyensúlyozott fejlesztést!;Dr. NÉMETH PÁL;
1996;1;12;3;1996. 1. szám:   Mennyi lesz a szennyvízdíj?;Dr. NÉMETH PÁL;
1996;1;12;4;1996. 1. szám 4-5. oldal:   A hiteles tájékoztatás érdekében;Dr. NÉMETH PÁL;
1996;2;12;2;1996. 2. szám:   Szakemberekkel tele a padlás?;Dr. NÉMETH PÁL;
1996;2;12;9;1996. 2. szám:   A telekvásárlási kedvezményekrõl;Dr. NÉMETH PÁL;
1996;3;12;3;1996. 3. szám:   A gyermekliget eddigi mérlege;Dr. NÉMETH PÁL;
1996;3;12;7;1996. 3. szám:   Murphy politikai törvénykönyve;Dr. NÉMETH PÁL;
1997;1;12;1;1997. 1. szám:   Így döntünk mi;Dr. NÉMETH PÁL;
1997;1;12;6;1997. 1. szám:   Ilyen is csak Veresen van;Dr. NÉMETH PÁL;
1997;1;12;6;1997. 1. szám:   Beszédes számok;Dr. NÉMETH PÁL;
1997;1;12;7;1997. 1. szám:   A magunk módján;Dr. NÉMETH PÁL;
1997;2;10;1;"1997. 2. szám:   Veres a ""legek"" között";Dr. NÉMETH PÁL;
1997;2;10;3;1997. 2. szám:   Minek nevezzelek?;Dr. NÉMETH PÁL;
1997;2;10;9;1997. 2. szám:   Új iskola épül jövõre?;Dr. NÉMETH PÁL;
1998;1;8;1;1998. 1. szám:   Feliratok ürügyén a vasútról;Dr. NÉMETH PÁL;
1992;1;16;9;1992. 1. szám:   A gödöllõi bombázás;PÁSZTOR PÁL;
1992;2;16;10;1992. 2. szám:   Mindennapi kenyerünket...;PÁSZTOR PÁL;
1992;3;16;4;1992. 3. szám:   Augusztus 15., nagyboldogasszony;PÁSZTOR PÁL;
1992;3;16;10;1992. 3. szám 10-11. oldal:   Fatimai Boldogasszony;PÁSZTOR PÁL;
1992;4;16;4;1992. 4. szám:   Halottaink novemberi üzenete;PÁSZTOR PÁL;
1992;5;20;2;1992. 5. szám:   Víz- és házsszentelés;PÁSZTOR PÁL;
1992;5;20;4;1992. 5. szám:   Pásztorok, pásztorok;PÁSZTOR PÁL;
1993;1;16;1;1993. 1. szám:   A lélek halhatatlan, feltámadunk;PÁSZTOR PÁL;
1993;1;16;8;1993. 1. szám:   Szent Sándor, József, Benedek;PÁSZTOR PÁL;
1993;1;16;9;1993. 1. szám:   Nagyböjti gondolatok;PÁSZTOR PÁL;
1993;2;16;6;1993. 2. szám:   Jézus szíve tisztelet;PÁSZTOR PÁL;
1993;4;16;4;1993. 4. szám 4-5. oldal:   Az Istenhez mindenhonnan el lehet jutni;PÁSZTOR PÁL;
1994;1;16;11;1994. 1. szám:   A böjt illemtana;PÁSZTOR PÁL;
1994;4;16;11;1994. 4. szám:   Veresegyház és Szada története <i>(könyvismertetõ)</i>;PÁSZTOR PÁL;
1994;5;16;15;1994. 5. szám:   Szt. Miklós püspök;PÁSZTOR PÁL;
1994;6;8;2;1994. 6. szám:   Karácsony másnapján;PÁSZTOR PÁL;
1995;1;16;15;1995. 1. szám:   Keresztút, Jézus szenvedésének 14 állomása;PÁSZTOR PÁL;
1995;2;12;8;1995. 2. szám 8-9. oldal:   Dicsérjük magyarok, Szent László királyt!;PÁSZTOR PÁL;
1995;3;12;4;1995. 3. szám:   A veresegyházi új orgona születése;PÁSZTOR PÁL;
1995;4;12;8;1995. 4. szám:   Francia és magyarországi Szent Márton püspök;PÁSZTOR PÁL;
1995;5;12;10;1995. 5. szám:   Szent János apostol;PÁSZTOR PÁL;
1996;1;12;9;1996. 1. szám:   A szenvedõ Krisztus az ószövetségi szentírásban;PÁSZTOR PÁL;
1996;3;12;1;1996. 3. szám:   Felelõsség az idõért;PÁSZTOR PÁL;
1997;1;12;5;1997. 1. szám:   A feltámadott hagyatéka;PÁSZTOR PÁL;
1997;2;10;1;1997. 2. szám:   Karácsony: az otthon és a gyermekek ünnepe;PÁSZTOR PÁL;
1998;1;8;1;1998. 1. szám, kisnémedi változat:   Aranymise Püspökszilágyon;PÁSZTOR PÁL;
1989;1;16;3;1989. 1. szám: Településeink sorsa;PETNEHÁZY IMRE;Településeink sorsa
1990;1;12;6;1990. 1. szám: Településeink;PETNEHÁZY IMRE;Településeink sorsa
1995;1;16;5;1995. 1. szám: Gondolatok településünk jövõjérõl;PETNEHÁZY IMRE;Településeink sorsa
1990;3;12;7;1990. 3. szám: Választási bemutatkozó;PETNEHÁZY IMRE;
1990;4;16;10;1990. 4. szám: Drága falunk!;PETNEHÁZY IMRE;
1992;2;16;8;1992. 2. szám: Dráguló ivóvizünk!;PETNEHÁZY IMRE;
1992;3;16;6;1992. 3. szám: Csatorna;PETNEHÁZY IMRE;
1993;1;16;14;1993. 1. szám: Megpályáztuk;PETNEHÁZY IMRE;
1993;2;16;14;1993. 2. szám: Fejlõdünk..., de hova?;PETNEHÁZY IMRE;
1993;3;16;8;1993. 3. szám: Értesítés...;PETNEHÁZY IMRE;
1994;1;16;2;1994. 1. szám 2-3. oldal: Interjú dr. Baranyai Tamással;PETNEHÁZY IMRE;
1994;1;16;15;1994. 1. szám: Gyöngyszem;PETNEHÁZY IMRE;
1994;2;16;8;1994. 2. szám 8-9. oldal: Nász;PETNEHÁZY IMRE;
1994;2;16;13;1994. 2. szám: Gyermekliget Veresegyházon;PETNEHÁZY IMRE;Gyermekliget
1994;4;16;6;1994. 4. szám: A gyermekligetrõl;PETNEHÁZY IMRE;Gyermekliget
1995;2;12;5;1995. 2. szám: IV. Európai Ifjúsági Zenei Fesztivál;PETNEHÁZY IMRE;
1995;3;12;5;1995. 3. szám: Osztozkodás;PETNEHÁZY IMRE;
1995;4;12;1;1995. 4. szám: Beszélgetés Zsigmond László építésszel;PETNEHÁZY IMRE;
1996;1;12;3;1996. 1. szám: Csatornadíj-számolgató;PETNEHÁZY IMRE;
1996;2;12;6;1996. 2. szám: Lenin él, Lenin él, - Lenin élni fog?;PETNEHÁZY IMRE;
1996;2;12;9;1996. 2. szám: Környezetbarát alapozás;PETNEHÁZY IMRE;
1996;3;12;9;1996. 3. szám: Mi is volt a Kormány-program?;PETNEHÁZY IMRE;
1997;2;10;5;1997. 2. szám: Ella Péter lemezei;PETNEHÁZY IMRE;
1989;2;12;4;1989. 2. szám:   Én láttam Sztálin ledöntését;RÁCZ IVÁNNÉ;
1989;2;12;7;1989. 2. szám:   Mi ügyben gondolkodunk, nem személyekben;RÁCZ IVÁNNÉ;
1989;2;12;7;1989. 2. szám:   Levél az államtitkárnak;RÁCZ IVÁNNÉ;
1990;1;12;5;1990. 1. szám 5-6. oldal:   Gurul(ós) a málna exportra;RÁCZ IVÁNNÉ;
1990;4;12;7;1990. 4. szám:   Választási bemutatkozó;RÁCZ IVÁNNÉ;
1990;5;16;9;1990. 5. szám:   Kilakoltatás rendõri karhatalommal;RÁCZ IVÁNNÉ;
1991;4;17;5;1991. 4-5. szám:   Örömhír kisnyugdíjasoknak;RÁCZ IVÁNNÉ;
1992;3;16;8;1992. 3. szám:   Azok a kedves, szép idõk;RÁCZ IVÁNNÉ;
1991;6;16;14;1991. 6. szám:   Nagy Rezsõ, községünk egykori lakója;RÁCZNÉ CSÍK MÁRIA;
1992;1;16;15;1992. 1. szám:   Kedves Lányok, Fiúk!;RÁCZNÉ CSÍK MÁRIA;
1992;2;16;13;1992. 2. szám:   Állomásavatás;RÁCZNÉ CSÍK MÁRIA;
1992;3;16;13;1992. 3. szám:   Egy néni elköltözött;RÁCZNÉ CSÍK MÁRIA;
1992;5;20;19;"1992. 5. szám:   Siralmas éneka ""Vidám cikk"" meg nem írásáról, a XX. századból";RÁCZNÉ CSÍK MÁRIA;
1993;1;16;6;1993. 1. szám:   Levél gyerekkori barátnõmnek Amerikába;RÁCZNÉ CSÍK MÁRIA;
1993;1;16;13;1993. 1. szám:   Népszínmûvek;RÁCZNÉ CSÍK MÁRIA;
1994;1;16;9;1994. 1. szám:   Fabriczius Józsefrõl - más szemszögbõl;RÁCZNÉ CSÍK MÁRIA;
1995;1;16;12;1995. 1. szám:   Glevitzky Irén, a századelõ ünnepelt énekesnõje;RÁCZNÉ CSÍK MÁRIA;
1995;3;12;8;1995. 3. szám 8-9. oldal:   Mancó néni százéves!;RÁCZNÉ CSÍK MÁRIA;
1996;1;12;11;1996. 1. szám:   Ötéves a Keresztény Nõi Kör;RÁCZNÉ CSÍK MÁRIA;
1991;3;12;12;1991. 3. szám:   Adjunk, adakozzunk!;Dr. TAR BALÁZS;
1992;1;16;6;1992. 1. szám:   A Szent Erzsébet Alapítvány támogatói;Dr. TAR BALÁZS;
1992;1;16;13;1992. 1. szám:   Társadaloombiztosítás - szabad orvosválasztás;Dr. TAR BALÁZS;
1992;2;16;6;1992. 2. szám:   Orvosválasztás;Dr. TAR BALÁZS;
1992;4;16;14;1992. 4. szám:   Központi orvosi ügyelet;Dr. TAR BALÁZS;
1992;5;20;8;1992. 5. szám:   A szociális otthonról;Dr. TAR BALÁZS;
1993;1;16;6;1993. 1. szám:   Húsvétkor ismét segélyosztás;Dr. TAR BALÁZS;
